{"cameraMode":{"drawMode":0,"name":"Shaded","section":"Shading Mode"},"sceneLighting":true,"audioPlay":false,"sceneViewState":{"showFog":true,"showMaterialUpdate":false,"showSkybox":true,"showFlares":true,"showImageEffects":true,"showParticleSystems":true},"in2DMode":false,"pivot":{"x":1479.070068359375,"y":931.828857421875,"z":-5.073607921600342},"rotation":{"x":-0.2751927375793457,"y":0.03662525862455368,"z":-0.010492759756743908,"w":-0.9606353044509888},"size":399.8275451660156,"orthographic":true}